1,1,C
1,1,Python
1,1,VB
1,1,Objective-C
1,1,PHP
1,1,JavaScript
1,1,Ruby
2,2,C
2,2,C++
2,2,C#
2,2,Python
2,2,VB
2,2,Objective-C
2,2,PHP
2,2,JavaScript
2,2,Ruby
3,3,Java
3,3,C#
3,3,VB
3,3,Objective-C
3,3,PHP
3,3,Ruby
4,4,C
4,4,C++
4,4,C#
4,4,Python
4,4,VB
4,4,Objective-C
4,4,PHP
4,4,JavaScript
4,4,Ruby
5,5,C#
5,5,Python
5,5,VB
5,5,Objective-C
5,5,PHP
5,5,JavaScript
5,5,Ruby
6,6,C
6,6,Python
6,6,VB
6,6,Objective-C
6,6,PHP
6,6,JavaScript
6,6,Ruby
7,7,C
7,7,C++
7,7,C#
7,7,Python
7,7,VB
7,7,Objective-C
7,7,JavaScript
7,7,Ruby
8,8,C#
8,8,Python
8,8,VB
8,8,Objective-C
8,8,PHP
8,8,JavaScript
8,8,Ruby
9,9,C
9,9,C#
9,9,VB
9,9,Objective-C
9,9,PHP
9,9,JavaScript
9,9,Ruby
10,10,C
10,10,C++
10,10,C#
10,10,Python
10,10,VB
10,10,Objective-C
10,10,PHP
10,10,JavaScript
10,10,Ruby
11,11,C#
11,11,VB
11,11,PHP
11,11,JavaScript
11,11,Ruby
12,12,C
12,12,C#
12,12,Python
12,12,VB
12,12,Objective-C
12,12,PHP
12,12,JavaScript
12,12,Ruby
13,13,C
13,13,C++
13,13,C#
13,13,Python
13,13,VB
13,13,Objective-C
13,13,PHP
13,13,JavaScript
13,13,Ruby
14,14,C
14,14,C++
14,14,Java
14,14,C#
14,14,Python
14,14,VB
14,14,Objective-C
14,14,PHP
14,14,JavaScript
14,14,Ruby
15,15,C
15,15,C#
15,15,Python
15,15,VB
15,15,Objective-C
15,15,JavaScript
15,15,Ruby
16,16,C
16,16,C++
16,16,C#
16,16,Python
16,16,Objective-C
16,16,PHP
16,16,JavaScript
17,17,C
17,17,C#
17,17,Python
17,17,PHP
17,17,Ruby
18,18,C
18,18,C#
18,18,Python
18,18,VB
18,18,Objective-C
18,18,PHP
18,18,JavaScript
18,18,Ruby
19,19,C
19,19,VB
19,19,PHP
19,19,JavaScript
19,19,Ruby
20,20,C
20,20,C#
20,20,VB
20,20,Ruby
21,21,C
21,21,C#
21,21,Python
21,21,VB
21,21,Objective-C
21,21,PHP
21,21,JavaScript
21,21,Ruby
22,22,C
22,22,C++
22,22,C#
22,22,VB
22,22,Objective-C
22,22,PHP
22,22,JavaScript
22,22,Ruby
23,23,C
23,23,Java
23,23,C#
23,23,Python
23,23,VB
23,23,Objective-C
23,23,PHP
23,23,JavaScript
23,23,Ruby
24,24,C
24,24,C#
24,24,VB
24,24,Objective-C
24,24,PHP
24,24,JavaScript
24,24,Ruby
25,25,C
25,25,Java
25,25,C#
25,25,Python
25,25,VB
25,25,Objective-C
25,25,JavaScript
25,25,Ruby
26,26,C
26,26,C++
26,26,C#
26,26,Python
26,26,Objective-C
26,26,PHP
26,26,JavaScript
26,26,Ruby
27,27,C#
27,27,VB
27,27,JavaScript
28,28,C
28,28,C++
28,28,C#
28,28,Python
28,28,VB
28,28,Objective-C
28,28,PHP
28,28,JavaScript
28,28,Ruby
29,29,C
29,29,C#
29,29,Python
29,29,VB
29,29,PHP
29,29,JavaScript
29,29,Ruby
30,30,C
30,30,Python
30,30,PHP
30,30,JavaScript
31,31,C
31,31,C#
31,31,Python
31,31,VB
31,31,Objective-C
31,31,PHP
31,31,JavaScript
31,31,Ruby
32,32,C#
32,32,Python
32,32,VB
32,32,Objective-C
32,32,JavaScript
32,32,Ruby
33,33,C#
33,33,Python
33,33,JavaScript
33,33,Ruby
34,34,C
34,34,C#
34,34,Python
34,34,VB
34,34,Objective-C
34,34,JavaScript
35,35,C#
35,35,Python
35,35,PHP
35,35,JavaScript
35,35,Ruby
36,36,C++
36,36,C#
36,36,Python
36,36,Objective-C
36,36,PHP
36,36,JavaScript
36,36,Ruby
37,37,C#
37,37,Python
37,37,Objective-C
37,37,PHP
37,37,JavaScript
37,37,Ruby
38,38,C
38,38,C++
38,38,C#
38,38,PHP
38,38,JavaScript
39,39,C
39,39,C#
39,39,VB
39,39,Objective-C
39,39,JavaScript
39,39,Ruby
40,40,C
40,40,C#
40,40,VB
40,40,JavaScript
40,40,Ruby
41,41,C#
41,41,Python
41,41,VB
41,41,Objective-C
41,41,PHP
41,41,JavaScript
41,41,Ruby
42,42,C
42,42,C#
42,42,Python
42,42,VB
42,42,PHP
42,42,JavaScript
42,42,Ruby
43,43,C
43,43,C#
43,43,Python
43,43,VB
43,43,JavaScript
43,43,Ruby
44,44,C
44,44,C#
44,44,Python
44,44,Objective-C
44,44,PHP
44,44,JavaScript
44,44,Ruby
45,45,C
45,45,C#
45,45,Python
45,45,VB
45,45,Objective-C
45,45,PHP
45,45,JavaScript
45,45,Ruby
46,46,C
46,46,C#
46,46,VB
46,46,JavaScript
47,47,C
47,47,C#
47,47,Python
47,47,VB
47,47,Objective-C
47,47,PHP
47,47,JavaScript
47,47,Ruby
48,48,C#
48,48,Python
48,48,VB
48,48,Objective-C
48,48,PHP
48,48,Ruby
49,49,C
49,49,C++
49,49,C#
49,49,Python
49,49,VB
49,49,Objective-C
49,49,PHP
49,49,JavaScript
49,49,Ruby
50,50,C#
50,50,Objective-C
50,50,PHP
50,50,JavaScript
51,51,C
51,51,C#
51,51,VB
51,51,PHP
51,51,JavaScript
51,51,Ruby
52,52,C#
52,52,Python
52,52,VB
52,52,PHP
52,52,JavaScript
52,52,Ruby
53,53,C
53,53,C++
53,53,C#
53,53,Python
53,53,VB
53,53,Objective-C
53,53,PHP
53,53,JavaScript
53,53,Ruby
54,54,C
54,54,C#
54,54,Python
54,54,VB
54,54,Objective-C
54,54,PHP
54,54,JavaScript
55,55,C
55,55,C#
55,55,VB
55,55,Objective-C
55,55,PHP
55,55,JavaScript
55,55,Ruby
56,56,C
56,56,C#
56,56,Python
56,56,VB
56,56,Objective-C
56,56,PHP
56,56,JavaScript
56,56,Ruby
57,57,C
57,57,Java
57,57,C#
57,57,VB
57,57,Objective-C
57,57,PHP
57,57,JavaScript
57,57,Ruby
58,58,C
58,58,C++
58,58,Java
58,58,C#
58,58,Python
58,58,VB
58,58,Objective-C
58,58,PHP
58,58,JavaScript
58,58,Ruby
59,59,C
59,59,C#
59,59,Python
59,59,VB
59,59,Objective-C
59,59,PHP
59,59,JavaScript
59,59,Ruby
60,60,C#
60,60,Python
60,60,VB
60,60,Objective-C
60,60,PHP
60,60,JavaScript
60,60,Ruby
61,61,C
61,61,C#
61,61,Python
61,61,Objective-C
61,61,PHP
61,61,JavaScript
61,61,Ruby
62,62,C
62,62,C#
62,62,Python
62,62,VB
62,62,JavaScript
62,62,Ruby
63,63,C#
63,63,PHP
63,63,JavaScript
63,63,Ruby
64,64,C
64,64,C#
64,64,Python
64,64,Objective-C
64,64,PHP
64,64,JavaScript
64,64,Ruby
65,65,C
65,65,C#
65,65,VB
65,65,Objective-C
65,65,PHP
65,65,JavaScript
65,65,Ruby
66,66,C
66,66,C++
66,66,C#
66,66,Python
66,66,VB
66,66,Objective-C
66,66,PHP
66,66,JavaScript
66,66,Ruby
67,67,C
67,67,C++
67,67,Java
67,67,C#
67,67,Python
67,67,VB
67,67,Objective-C
67,67,PHP
67,67,JavaScript
67,67,Ruby
68,68,C
68,68,C++
68,68,C#
68,68,JavaScript
68,68,Ruby
69,69,C
69,69,C#
69,69,Python
69,69,VB
69,69,Objective-C
69,69,PHP
69,69,JavaScript
69,69,Ruby
70,70,C
70,70,Python
70,70,Objective-C
70,70,JavaScript
70,70,Ruby
71,71,C
71,71,C#
71,71,Python
71,71,VB
71,71,PHP
71,71,JavaScript
71,71,Ruby
72,72,C
72,72,Java
72,72,C#
72,72,Python
72,72,VB
72,72,Objective-C
72,72,PHP
72,72,JavaScript
72,72,Ruby
73,73,C
73,73,Objective-C
73,73,JavaScript
74,74,C
74,74,C#
74,74,Python
74,74,VB
74,74,Objective-C
74,74,PHP
74,74,JavaScript
74,74,Ruby
75,75,C
75,75,C#
75,75,VB
75,75,Objective-C
75,75,PHP
75,75,JavaScript
75,75,Ruby
76,76,C
76,76,C#
76,76,Python
76,76,VB
76,76,PHP
76,76,JavaScript
76,76,Ruby
77,77,C
77,77,Java
77,77,C#
77,77,Python
77,77,VB
77,77,PHP
77,77,JavaScript
77,77,Ruby
78,78,C
78,78,C++
78,78,C#
78,78,Python
78,78,VB
78,78,Objective-C
78,78,PHP
78,78,JavaScript
78,78,Ruby
79,79,C
79,79,Java
79,79,C#
79,79,Python
79,79,VB
79,79,Objective-C
79,79,JavaScript
79,79,Ruby
80,80,C#
80,80,VB
80,80,Ruby
81,81,C
81,81,C#
81,81,Python
81,81,VB
81,81,Objective-C
81,81,PHP
81,81,JavaScript
81,81,Ruby
82,82,C
82,82,C#
82,82,VB
82,82,Objective-C
82,82,JavaScript
82,82,Ruby
83,83,C
83,83,C#
83,83,VB
83,83,Objective-C
83,83,PHP
83,83,JavaScript
83,83,Ruby
84,84,C
84,84,C++
84,84,C#
84,84,VB
84,84,JavaScript
84,84,Ruby
85,85,C++
85,85,C#
85,85,Python
85,85,VB
85,85,Objective-C
85,85,PHP
85,85,JavaScript
85,85,Ruby
86,86,C#
86,86,Python
86,86,VB
86,86,Objective-C
86,86,PHP
86,86,JavaScript
86,86,Ruby
87,87,C
87,87,C++
87,87,C#
87,87,Python
87,87,VB
87,87,Objective-C
87,87,PHP
87,87,JavaScript
87,87,Ruby
88,88,C
88,88,C++
88,88,C#
88,88,Python
88,88,VB
88,88,Objective-C
88,88,PHP
88,88,JavaScript
88,88,Ruby
89,89,C
89,89,C++
89,89,Java
89,89,C#
89,89,Python
89,89,VB
89,89,Objective-C
89,89,PHP
89,89,JavaScript
89,89,Ruby
90,90,C
90,90,C++
90,90,Java
90,90,C#
90,90,Python
90,90,VB
90,90,Objective-C
90,90,PHP
90,90,JavaScript
90,90,Ruby
91,91,C#
91,91,Python
91,91,VB
91,91,PHP
91,91,JavaScript
91,91,Ruby
92,92,C#
92,92,Python
92,92,VB
92,92,Objective-C
92,92,PHP
92,92,JavaScript
92,92,Ruby
93,93,C
93,93,C#
93,93,Python
93,93,VB
93,93,Objective-C
93,93,PHP
93,93,JavaScript
93,93,Ruby
94,94,C
94,94,C++
94,94,C#
94,94,Python
94,94,VB
94,94,Objective-C
94,94,PHP
94,94,JavaScript
94,94,Ruby
95,95,C#
95,95,Python
95,95,VB
95,95,PHP
95,95,JavaScript
95,95,Ruby
96,96,C
96,96,Java
96,96,C#
96,96,Python
96,96,VB
96,96,Objective-C
96,96,PHP
96,96,JavaScript
96,96,Ruby
97,97,C
97,97,C++
97,97,C#
97,97,PHP
97,97,JavaScript
97,97,Ruby
98,98,C
98,98,C#
98,98,VB
98,98,Objective-C
98,98,PHP
98,98,JavaScript
98,98,Ruby
99,99,C
99,99,C#
99,99,Python
99,99,VB
99,99,PHP
99,99,JavaScript
99,99,Ruby
100,100,C
100,100,C#
100,100,Python
100,100,VB
100,100,Objective-C
100,100,PHP
100,100,JavaScript
100,100,Ruby
101,101,C
101,101,C#
101,101,Python
101,101,Objective-C
101,101,PHP
101,101,JavaScript
101,101,Ruby
102,102,C
102,102,C++
102,102,Java
102,102,C#
102,102,Python
102,102,VB
102,102,Objective-C
102,102,PHP
102,102,JavaScript
102,102,Ruby
103,103,C
103,103,C++
103,103,C#
103,103,Python
103,103,Objective-C
103,103,PHP
103,103,JavaScript
103,103,Ruby
104,104,C
104,104,C#
104,104,VB
104,104,Objective-C
104,104,PHP
104,104,JavaScript
104,104,Ruby
105,105,C
105,105,C#
105,105,Python
105,105,VB
105,105,Objective-C
105,105,PHP
105,105,JavaScript
105,105,Ruby
106,106,C
106,106,C#
106,106,VB
106,106,Objective-C
106,106,PHP
106,106,JavaScript
106,106,Ruby
107,107,C
107,107,C#
107,107,VB
107,107,Objective-C
107,107,PHP
107,107,JavaScript
107,107,Ruby
108,108,C
108,108,C++
108,108,Java
108,108,C#
108,108,Python
108,108,VB
108,108,Objective-C
108,108,PHP
108,108,JavaScript
108,108,Ruby
109,109,C
109,109,C#
109,109,Python
109,109,VB
109,109,Objective-C
109,109,PHP
109,109,JavaScript
109,109,Ruby
110,110,C
110,110,C#
110,110,Python
110,110,VB
110,110,Objective-C
110,110,JavaScript
110,110,Ruby
111,111,C
111,111,C#
111,111,VB
111,111,Objective-C
111,111,PHP
111,111,JavaScript
111,111,Ruby
112,112,C
112,112,C#
112,112,VB
112,112,Objective-C
112,112,PHP
112,112,JavaScript
113,113,C#
113,113,Python
113,113,VB
113,113,JavaScript
113,113,Ruby
114,114,C
114,114,C#
114,114,Python
114,114,VB
114,114,JavaScript
114,114,Ruby
115,115,C
115,115,C#
115,115,Python
115,115,Objective-C
115,115,PHP
115,115,JavaScript
115,115,Ruby
116,116,C
116,116,Java
116,116,C#
116,116,Python
116,116,VB
116,116,Objective-C
116,116,PHP
116,116,JavaScript
116,116,Ruby
117,117,C#
117,117,Python
117,117,VB
117,117,PHP
117,117,Ruby
118,118,C
118,118,C++
118,118,Java
118,118,C#
118,118,Python
118,118,VB
118,118,Objective-C
118,118,PHP
118,118,JavaScript
118,118,Ruby
119,119,C
119,119,C#
119,119,Python
119,119,VB
119,119,Objective-C
119,119,PHP
119,119,JavaScript
119,119,Ruby
120,120,C
120,120,C++
120,120,Java
120,120,C#
120,120,Python
120,120,VB
120,120,Objective-C
120,120,PHP
120,120,JavaScript
120,120,Ruby
121,121,C
121,121,C#
121,121,VB
121,121,Objective-C
121,121,PHP
121,121,JavaScript
121,121,Ruby
122,122,C#
122,122,Python
122,122,Objective-C
122,122,PHP
122,122,JavaScript
122,122,Ruby
123,123,C#
123,123,VB
123,123,PHP
123,123,JavaScript
123,123,Ruby
124,124,C
124,124,C#
124,124,Python
124,124,VB
124,124,PHP
124,124,JavaScript
125,125,C
125,125,C#
125,125,Python
125,125,PHP
125,125,JavaScript
125,125,Ruby
126,126,C
126,126,C++
126,126,VB
126,126,PHP
126,126,JavaScript
126,126,Ruby
127,127,C
127,127,C#
127,127,VB
127,127,PHP
127,127,JavaScript
127,127,Ruby
128,128,C
128,128,C#
128,128,VB
128,128,Objective-C
128,128,PHP
128,128,JavaScript
128,128,Ruby
129,129,C#
129,129,Python
129,129,VB
129,129,PHP
129,129,Ruby
130,130,C
130,130,C#
130,130,Python
130,130,VB
130,130,Objective-C
130,130,PHP
130,130,JavaScript
130,130,Ruby
131,131,C
131,131,C++
131,131,C#
131,131,Python
131,131,VB
131,131,Objective-C
131,131,PHP
131,131,JavaScript
131,131,Ruby
132,132,C#
132,132,Python
132,132,VB
132,132,PHP
132,132,JavaScript
133,133,C
133,133,C#
133,133,Python
133,133,VB
133,133,Objective-C
133,133,PHP
133,133,JavaScript
133,133,Ruby
134,134,C
134,134,C#
134,134,VB
134,134,Objective-C
134,134,PHP
134,134,JavaScript
134,134,Ruby
135,135,C
135,135,C#
135,135,PHP
135,135,JavaScript
135,135,Ruby
136,136,C
136,136,Java
136,136,C#
136,136,Python
136,136,VB
136,136,Objective-C
136,136,PHP
136,136,JavaScript
136,136,Ruby
137,137,C#
137,137,VB
137,137,Objective-C
137,137,JavaScript
137,137,Ruby
138,138,C
138,138,C#
138,138,Python
138,138,VB
138,138,Objective-C
138,138,PHP
138,138,JavaScript
138,138,Ruby
139,139,C
139,139,C#
139,139,Python
139,139,VB
139,139,Objective-C
139,139,PHP
139,139,JavaScript
139,139,Ruby
140,140,C
140,140,Java
140,140,C#
140,140,Objective-C
140,140,PHP
140,140,JavaScript
140,140,Ruby
141,141,C
141,141,C++
141,141,C#
141,141,VB
141,141,PHP
141,141,JavaScript
141,141,Ruby
142,142,C++
142,142,Python
142,142,VB
142,142,Objective-C
142,142,PHP
142,142,JavaScript
142,142,Ruby
143,143,C
143,143,C#
143,143,Python
143,143,VB
143,143,Objective-C
143,143,JavaScript
143,143,Ruby
144,144,C#
144,144,Python
144,144,PHP
144,144,JavaScript
144,144,Ruby
145,145,C#
145,145,Objective-C
145,145,PHP
145,145,JavaScript
145,145,Ruby
146,146,C
146,146,C++
146,146,C#
146,146,Python
146,146,VB
146,146,PHP
146,146,JavaScript
146,146,Ruby
147,147,C
147,147,C#
147,147,Python
147,147,VB
147,147,Objective-C
147,147,JavaScript
147,147,Ruby
148,148,C
148,148,C#
148,148,VB
148,148,Objective-C
148,148,PHP
148,148,JavaScript
148,148,Ruby
149,149,C#
149,149,Python
149,149,Objective-C
149,149,PHP
149,149,JavaScript
149,149,Ruby
150,150,C
150,150,C++
150,150,C#
150,150,Python
150,150,VB
150,150,Objective-C
150,150,PHP
150,150,JavaScript
150,150,Ruby
151,151,C
151,151,Java
151,151,C#
151,151,Python
151,151,VB
151,151,Objective-C
151,151,PHP
151,151,JavaScript
151,151,Ruby
152,152,C
152,152,C#
152,152,Python
152,152,Objective-C
152,152,PHP
152,152,JavaScript
153,153,C#
153,153,Python
153,153,VB
153,153,PHP
153,153,JavaScript
153,153,Ruby
154,154,C
154,154,C++
154,154,Java
154,154,C#
154,154,Python
154,154,VB
154,154,Objective-C
154,154,PHP
154,154,JavaScript
154,154,Ruby
155,155,C#
155,155,Python
155,155,VB
155,155,JavaScript
155,155,Ruby
156,156,C
156,156,C#
156,156,Python
156,156,VB
156,156,Objective-C
156,156,PHP
156,156,JavaScript
156,156,Ruby
157,157,C
157,157,Python
157,157,Objective-C
157,157,JavaScript
157,157,Ruby
158,158,C
158,158,C#
158,158,Python
158,158,VB
158,158,Objective-C
158,158,JavaScript
158,158,Ruby
159,159,C
159,159,C++
159,159,C#
159,159,Objective-C
159,159,PHP
159,159,JavaScript
159,159,Ruby
160,160,C
160,160,C++
160,160,C#
160,160,Python
160,160,VB
160,160,Objective-C
160,160,PHP
160,160,JavaScript
160,160,Ruby
161,161,C
161,161,C++
161,161,C#
161,161,Python
161,161,VB
161,161,Objective-C
161,161,PHP
161,161,JavaScript
161,161,Ruby
162,162,C
162,162,C#
162,162,VB
162,162,Objective-C
162,162,PHP
162,162,JavaScript
162,162,Ruby
163,163,C
163,163,C#
163,163,VB
163,163,Objective-C
163,163,PHP
163,163,Ruby
164,164,C
164,164,C#
164,164,Python
165,165,C
165,165,C#
165,165,Python
165,165,VB
165,165,Objective-C
165,165,PHP
165,165,JavaScript
165,165,Ruby
166,166,C
166,166,C#
166,166,Python
166,166,PHP
166,166,JavaScript
167,167,C
167,167,C++
167,167,C#
167,167,Python
167,167,VB
167,167,Objective-C
167,167,PHP
167,167,JavaScript
167,167,Ruby
168,168,C
168,168,C++
168,168,Java
168,168,C#
168,168,Python
168,168,VB
168,168,Objective-C
168,168,PHP
168,168,JavaScript
168,168,Ruby
169,169,C
169,169,Java
169,169,C#
169,169,Python
169,169,VB
169,169,Objective-C
169,169,PHP
169,169,JavaScript
169,169,Ruby
170,170,C
170,170,C#
170,170,Python
170,170,VB
170,170,Objective-C
170,170,PHP
170,170,JavaScript
170,170,Ruby
171,171,C
171,171,C#
171,171,JavaScript
171,171,Ruby
172,172,C
172,172,C#
172,172,Objective-C
172,172,PHP
172,172,JavaScript
172,172,Ruby
173,173,C
173,173,C#
173,173,VB
173,173,Objective-C
173,173,PHP
173,173,JavaScript
173,173,Ruby
174,174,C
174,174,C#
174,174,VB
174,174,PHP
174,174,JavaScript
174,174,Ruby
175,175,C++
175,175,C#
175,175,VB
175,175,Ruby
176,176,C
176,176,C#
176,176,VB
176,176,Objective-C
176,176,PHP
176,176,JavaScript
176,176,Ruby
177,177,C#
177,177,Python
177,177,VB
177,177,PHP
177,177,JavaScript
177,177,Ruby
178,178,C
178,178,Java
178,178,C#
178,178,Python
178,178,VB
178,178,Objective-C
178,178,PHP
178,178,JavaScript
178,178,Ruby
179,179,C
179,179,Java
179,179,C#
179,179,Python
179,179,VB
179,179,Objective-C
179,179,PHP
179,179,JavaScript
179,179,Ruby
180,180,C
180,180,C#
180,180,VB
180,180,PHP
180,180,JavaScript
180,180,Ruby
181,181,C#
181,181,VB
181,181,Objective-C
181,181,PHP
181,181,JavaScript
181,181,Ruby
182,182,C#
182,182,VB
182,182,JavaScript
183,183,C
183,183,C#
183,183,VB
183,183,Objective-C
183,183,JavaScript
183,183,Ruby
184,184,C
184,184,Python
184,184,JavaScript
185,185,C
185,185,C++
185,185,Java
185,185,C#
185,185,Python
185,185,VB
185,185,Objective-C
185,185,PHP
185,185,JavaScript
185,185,Ruby
186,186,C
186,186,C++
186,186,C#
186,186,Python
186,186,PHP
186,186,JavaScript
186,186,Ruby
187,187,C
187,187,C#
187,187,VB
187,187,Objective-C
187,187,JavaScript
187,187,Ruby
188,188,C
188,188,C#
188,188,VB
188,188,Objective-C
188,188,PHP
188,188,JavaScript
188,188,Ruby
189,189,C
189,189,C#
189,189,PHP
189,189,JavaScript
189,189,Ruby
190,190,C
190,190,C++
190,190,C#
190,190,Python
190,190,VB
190,190,Objective-C
190,190,PHP
190,190,JavaScript
190,190,Ruby
191,191,C
191,191,C#
191,191,Python
191,191,JavaScript
191,191,Ruby
192,192,C
192,192,C#
192,192,VB
192,192,Objective-C
192,192,PHP
192,192,JavaScript
192,192,Ruby
193,193,C
193,193,C++
193,193,Java
193,193,C#
193,193,Python
193,193,VB
193,193,Objective-C
193,193,PHP
193,193,JavaScript
193,193,Ruby
194,194,C
194,194,C#
194,194,Python
194,194,VB
194,194,Objective-C
194,194,PHP
194,194,JavaScript
194,194,Ruby
195,195,C
195,195,C#
195,195,Python
195,195,VB
195,195,Objective-C
195,195,PHP
195,195,JavaScript
195,195,Ruby
196,196,C#
196,196,VB
196,196,Objective-C
196,196,JavaScript
196,196,Ruby
197,197,C#
197,197,Objective-C
197,197,PHP
197,197,JavaScript
197,197,Ruby
198,198,C
198,198,Java
198,198,C#
198,198,Python
198,198,VB
198,198,Objective-C
198,198,PHP
198,198,JavaScript
198,198,Ruby
199,199,C
199,199,C#
199,199,VB
199,199,Objective-C
199,199,PHP
199,199,JavaScript
199,199,Ruby
200,200,C
200,200,VB
200,200,PHP
200,200,JavaScript
200,200,Ruby
201,201,C
201,201,C#
201,201,Python
201,201,VB
201,201,JavaScript
201,201,Ruby
202,202,C
202,202,C++
202,202,C#
202,202,VB
202,202,PHP
202,202,JavaScript
203,203,C
203,203,C#
203,203,Python
203,203,PHP
203,203,JavaScript
203,203,Ruby
204,204,C
204,204,C#
204,204,Python
204,204,VB
204,204,Objective-C
204,204,PHP
204,204,JavaScript
204,204,Ruby
205,205,C
205,205,C#
205,205,Python
205,205,VB
205,205,Objective-C
205,205,JavaScript
205,205,Ruby
206,206,C
206,206,C++
206,206,C#
206,206,Python
206,206,VB
206,206,Objective-C
206,206,PHP
206,206,JavaScript
206,206,Ruby
207,207,C
207,207,C#
207,207,Python
207,207,VB
207,207,Objective-C
207,207,PHP
207,207,JavaScript
207,207,Ruby
208,208,C
208,208,C++
208,208,VB
208,208,Objective-C
208,208,PHP
208,208,JavaScript
208,208,Ruby
209,209,C
209,209,C#
209,209,Python
209,209,JavaScript
209,209,Ruby
210,210,C
210,210,C#
210,210,Objective-C
210,210,PHP
210,210,JavaScript
210,210,Ruby
211,211,C
211,211,C#
211,211,Python
211,211,PHP
211,211,Ruby
212,212,C
212,212,C#
212,212,VB
212,212,Objective-C
212,212,PHP
212,212,JavaScript
212,212,Ruby
213,213,C
213,213,C#
213,213,VB
213,213,Objective-C
213,213,PHP
213,213,JavaScript
213,213,Ruby
214,214,C
214,214,C#
214,214,Python
214,214,VB
214,214,Objective-C
214,214,PHP
214,214,JavaScript
214,214,Ruby
215,215,C
215,215,Objective-C
215,215,PHP
215,215,JavaScript
215,215,Ruby
216,216,C
216,216,C#
216,216,Python
216,216,VB
216,216,JavaScript
216,216,Ruby
217,217,C
217,217,C++
217,217,Java
217,217,C#
217,217,Python
217,217,VB
217,217,Objective-C
217,217,PHP
217,217,JavaScript
217,217,Ruby
218,218,C#
218,218,Python
218,218,Objective-C
218,218,JavaScript
218,218,Ruby
219,219,C
219,219,C#
219,219,Python
219,219,PHP
219,219,JavaScript
219,219,Ruby
220,220,C#
220,220,Python
220,220,VB
220,220,Objective-C
220,220,PHP
220,220,JavaScript
220,220,Ruby
221,221,C
221,221,C++
221,221,C#
221,221,Python
221,221,VB
221,221,Objective-C
221,221,PHP
221,221,JavaScript
221,221,Ruby
222,222,C
222,222,C#
222,222,Python
222,222,VB
222,222,Objective-C
222,222,JavaScript
222,222,Ruby
223,223,C
223,223,C#
223,223,Objective-C
223,223,PHP
223,223,JavaScript
223,223,Ruby
224,224,C#
224,224,Python
224,224,Objective-C
224,224,PHP
224,224,JavaScript
225,225,C
225,225,C++
225,225,C#
225,225,Python
225,225,VB
225,225,Objective-C
225,225,PHP
225,225,JavaScript
225,225,Ruby
226,226,C
226,226,C#
226,226,Python
226,226,Objective-C
226,226,PHP
226,226,JavaScript
226,226,Ruby
227,227,C
227,227,C++
227,227,Java
227,227,C#
227,227,Python
227,227,VB
227,227,Objective-C
227,227,PHP
227,227,JavaScript
227,227,Ruby
228,228,C
228,228,C#
228,228,VB
228,228,Objective-C
228,228,PHP
228,228,JavaScript
228,228,Ruby
229,229,C
229,229,C#
229,229,Python
229,229,VB
229,229,JavaScript
229,229,Ruby
230,230,C
230,230,C#
230,230,Python
230,230,Objective-C
230,230,JavaScript
230,230,Ruby
231,231,C
231,231,C#
231,231,Ruby
232,232,C
232,232,C#
232,232,Python
232,232,VB
232,232,Objective-C
232,232,PHP
232,232,JavaScript
232,232,Ruby
233,233,C
233,233,C#
233,233,Python
233,233,VB
233,233,Objective-C
233,233,PHP
233,233,JavaScript
233,233,Ruby
234,234,C
234,234,C#
234,234,Python
234,234,VB
234,234,PHP
234,234,JavaScript
234,234,Ruby
235,235,VB
235,235,Objective-C
235,235,PHP
235,235,Ruby
236,236,C
236,236,C++
236,236,C#
236,236,Python
236,236,VB
236,236,Objective-C
236,236,PHP
236,236,JavaScript
236,236,Ruby
237,237,Java
237,237,C#
237,237,Python
237,237,VB
237,237,Objective-C
237,237,PHP
237,237,JavaScript
237,237,Ruby
238,238,C
238,238,C++
238,238,C#
238,238,VB
238,238,Objective-C
238,238,JavaScript
238,238,Ruby
239,239,C
239,239,C#
239,239,Python
239,239,VB
239,239,Objective-C
239,239,PHP
239,239,Ruby
240,240,C
240,240,C#
240,240,Python
240,240,VB
240,240,Objective-C
240,240,PHP
240,240,JavaScript
240,240,Ruby
241,241,C
241,241,C#
241,241,VB
241,241,Objective-C
241,241,JavaScript
241,241,Ruby
242,242,C
242,242,C#
242,242,Python
242,242,Objective-C
242,242,PHP
242,242,JavaScript
242,242,Ruby
243,243,C
243,243,C#
243,243,Python
243,243,JavaScript
243,243,Ruby
244,244,C
244,244,C++
244,244,C#
244,244,VB
244,244,Objective-C
244,244,JavaScript
244,244,Ruby
245,245,C
245,245,C#
245,245,VB
245,245,Objective-C
245,245,JavaScript
245,245,Ruby
246,246,C
246,246,C#
246,246,Python
246,246,VB
246,246,Objective-C
246,246,PHP
246,246,JavaScript
246,246,Ruby
247,247,C
247,247,Python
247,247,Objective-C
247,247,JavaScript
247,247,Ruby
248,248,C#
248,248,Objective-C
248,248,Ruby
249,249,C#
249,249,Python
249,249,VB
249,249,Objective-C
249,249,JavaScript
249,249,Ruby
250,250,C#
250,250,Objective-C
250,250,Ruby
251,251,C
251,251,C#
251,251,Python
251,251,VB
251,251,Objective-C
251,251,PHP
251,251,JavaScript
251,251,Ruby
252,252,C
252,252,C#
252,252,Python
252,252,VB
252,252,Objective-C
252,252,PHP
252,252,JavaScript
252,252,Ruby
253,253,C
253,253,C++
253,253,Java
253,253,C#
253,253,Python
253,253,VB
253,253,Objective-C
253,253,PHP
253,253,JavaScript
253,253,Ruby
254,254,C
254,254,C#
254,254,VB
254,254,PHP
254,254,JavaScript
254,254,Ruby
255,255,C
255,255,Java
255,255,C#
255,255,Python
255,255,VB
255,255,Objective-C
255,255,PHP
255,255,JavaScript
255,255,Ruby
256,256,C#
256,256,Python
256,256,VB
256,256,PHP
256,256,JavaScript
256,256,Ruby
257,257,C
257,257,C#
257,257,Python
257,257,Objective-C
257,257,PHP
257,257,JavaScript
257,257,Ruby
258,258,C
258,258,C#
258,258,Python
258,258,VB
258,258,Objective-C
258,258,PHP
258,258,JavaScript
258,258,Ruby
259,259,C
259,259,C#
259,259,VB
259,259,PHP
259,259,JavaScript
259,259,Ruby
260,260,C
260,260,C#
260,260,VB
260,260,Objective-C
260,260,PHP
260,260,JavaScript
261,261,C
261,261,C#
261,261,Python
261,261,PHP
261,261,JavaScript
261,261,Ruby
262,262,C
262,262,C#
262,262,VB
262,262,Objective-C
262,262,PHP
262,262,JavaScript
262,262,Ruby
263,263,C++
263,263,C#
263,263,VB
263,263,JavaScript
263,263,Ruby
264,264,C#
264,264,Python
264,264,Objective-C
264,264,PHP
264,264,JavaScript
264,264,Ruby
265,265,C
265,265,C++
265,265,C#
265,265,Python
265,265,PHP
265,265,JavaScript
265,265,Ruby
266,266,C
266,266,C#
266,266,Python
266,266,VB
266,266,Objective-C
266,266,PHP
266,266,JavaScript
266,266,Ruby
267,267,C#
267,267,Python
267,267,VB
267,267,Objective-C
267,267,PHP
267,267,JavaScript
267,267,Ruby
268,268,C
268,268,C#
268,268,Python
268,268,VB
268,268,Objective-C
268,268,PHP
268,268,JavaScript
268,268,Ruby
269,269,C
269,269,C++
269,269,C#
269,269,Python
269,269,VB
269,269,Objective-C
269,269,PHP
269,269,JavaScript
269,269,Ruby
270,270,C
270,270,C#
270,270,PHP
270,270,JavaScript
270,270,Ruby
271,271,C
271,271,C++
271,271,C#
271,271,Python
271,271,VB
271,271,PHP
271,271,JavaScript
271,271,Ruby
272,272,C
272,272,C#
272,272,Python
272,272,VB
272,272,Objective-C
272,272,PHP
272,272,JavaScript
272,272,Ruby
273,273,C#
273,273,Python
273,273,PHP
273,273,JavaScript
274,274,C
274,274,C#
274,274,Python
274,274,VB
274,274,Objective-C
274,274,PHP
274,274,JavaScript
274,274,Ruby
275,275,C
275,275,C#
275,275,Python
275,275,VB
275,275,Objective-C
275,275,JavaScript
275,275,Ruby
276,276,C
276,276,C#
276,276,Python
276,276,VB
276,276,Objective-C
276,276,PHP
276,276,JavaScript
276,276,Ruby
277,277,C
277,277,C#
277,277,Python
277,277,VB
277,277,JavaScript
277,277,Ruby
278,278,C
278,278,C#
278,278,VB
278,278,PHP
278,278,JavaScript
278,278,Ruby
279,279,C#
279,279,Python
279,279,VB
279,279,Objective-C
279,279,JavaScript
279,279,Ruby
280,280,C
280,280,C++
280,280,Java
280,280,C#
280,280,Python
280,280,VB
280,280,Objective-C
280,280,PHP
280,280,JavaScript
280,280,Ruby
281,281,C
281,281,C++
281,281,C#
281,281,Python
281,281,VB
281,281,Objective-C
281,281,PHP
281,281,JavaScript
281,281,Ruby
282,282,C
282,282,C#
282,282,PHP
282,282,JavaScript
283,283,C
283,283,C#
283,283,Python
283,283,VB
283,283,Objective-C
283,283,PHP
283,283,JavaScript
283,283,Ruby
284,284,C
284,284,C#
284,284,Python
284,284,VB
284,284,Objective-C
284,284,PHP
284,284,JavaScript
284,284,Ruby
285,285,C
285,285,C++
285,285,C#
285,285,Python
285,285,VB
285,285,Objective-C
285,285,PHP
285,285,JavaScript
285,285,Ruby
286,286,C
286,286,C++
286,286,Java
286,286,C#
286,286,Python
286,286,VB
286,286,Objective-C
286,286,PHP
286,286,JavaScript
286,286,Ruby
287,287,C
287,287,C#
287,287,Python
287,287,Objective-C
287,287,PHP
287,287,JavaScript
287,287,Ruby
288,288,C
288,288,C++
288,288,C#
288,288,Python
288,288,VB
288,288,Objective-C
288,288,JavaScript
288,288,Ruby
289,289,C
289,289,C#
289,289,VB
289,289,Objective-C
289,289,PHP
289,289,JavaScript
289,289,Ruby
290,290,C
290,290,C#
290,290,Python
290,290,VB
290,290,PHP
290,290,JavaScript
290,290,Ruby
291,291,C
291,291,C#
291,291,Python
291,291,VB
291,291,Objective-C
291,291,PHP
291,291,JavaScript
291,291,Ruby
292,292,C
292,292,C#
292,292,Python
292,292,VB
292,292,Objective-C
292,292,PHP
292,292,JavaScript
292,292,Ruby
293,293,C
293,293,C++
293,293,C#
293,293,Python
293,293,VB
293,293,Objective-C
293,293,PHP
293,293,JavaScript
293,293,Ruby
294,294,C
294,294,C#
294,294,Objective-C
294,294,PHP
294,294,JavaScript
294,294,Ruby
295,295,C
295,295,C#
295,295,Python
295,295,VB
295,295,Objective-C
295,295,PHP
295,295,JavaScript
295,295,Ruby
296,296,C#
296,296,VB
296,296,PHP
296,296,JavaScript
296,296,Ruby
297,297,C
297,297,C#
297,297,VB
297,297,Objective-C
297,297,PHP
297,297,JavaScript
297,297,Ruby
298,298,C
298,298,Java
298,298,C#
298,298,Python
298,298,VB
298,298,Objective-C
298,298,PHP
298,298,JavaScript
298,298,Ruby
299,299,C++
299,299,C#
299,299,Python
299,299,VB
299,299,PHP
299,299,JavaScript
300,300,C
300,300,C#
300,300,Python
300,300,VB
300,300,PHP
300,300,JavaScript
300,300,Ruby
301,301,C
301,301,C++
301,301,C#
301,301,Python
301,301,Objective-C
301,301,PHP
301,301,JavaScript
301,301,Ruby
302,302,C
302,302,C#
302,302,JavaScript
302,302,Ruby
303,303,C
303,303,C++
303,303,C#
303,303,Python
303,303,VB
303,303,Objective-C
303,303,PHP
303,303,JavaScript
303,303,Ruby
304,304,C++
304,304,C#
304,304,VB
304,304,Objective-C
304,304,PHP
304,304,JavaScript
304,304,Ruby
305,305,C
305,305,C++
305,305,Java
305,305,C#
305,305,Python
305,305,VB
305,305,Objective-C
305,305,PHP
305,305,JavaScript
305,305,Ruby
306,306,Java
306,306,C#
306,306,VB
306,306,PHP
306,306,JavaScript
307,307,C
307,307,C#
307,307,Python
307,307,VB
307,307,PHP
307,307,JavaScript
307,307,Ruby
308,308,C
308,308,C#
308,308,VB
308,308,PHP
308,308,JavaScript
308,308,Ruby
309,309,C
309,309,C++
309,309,C#
309,309,Python
309,309,VB
309,309,Objective-C
309,309,JavaScript
309,309,Ruby
310,310,C
310,310,C++
310,310,C#
310,310,Python
310,310,VB
310,310,PHP
310,310,JavaScript
310,310,Ruby
311,311,C
311,311,C#
311,311,Python
311,311,VB
311,311,Objective-C
311,311,PHP
311,311,JavaScript
311,311,Ruby
312,312,C
312,312,C#
312,312,Python
312,312,VB
312,312,Objective-C
312,312,PHP
312,312,JavaScript
312,312,Ruby
313,313,C
313,313,C#
313,313,VB
313,313,PHP
313,313,JavaScript
313,313,Ruby
314,314,C
314,314,C++
314,314,C#
314,314,VB
314,314,Objective-C
314,314,JavaScript
314,314,Ruby
315,315,C
315,315,C#
315,315,VB
315,315,PHP
315,315,JavaScript
315,315,Ruby
316,316,C
316,316,C#
316,316,VB
316,316,Objective-C
316,316,PHP
316,316,JavaScript
316,316,Ruby
317,317,C#
317,317,VB
317,317,JavaScript
317,317,Ruby
318,318,C
318,318,C#
318,318,JavaScript
318,318,Ruby
319,319,C#
319,319,VB
319,319,Objective-C
319,319,PHP
319,319,JavaScript
319,319,Ruby
320,320,C
320,320,C++
320,320,C#
320,320,Python
320,320,VB
320,320,Objective-C
320,320,PHP
320,320,JavaScript
320,320,Ruby
321,321,C
321,321,C++
321,321,Java
321,321,C#
321,321,Python
321,321,VB
321,321,Objective-C
321,321,PHP
321,321,JavaScript
321,321,Ruby
322,322,C
322,322,C#
322,322,Python
322,322,VB
322,322,PHP
322,322,JavaScript
323,323,C
323,323,C++
323,323,C#
323,323,VB
323,323,PHP
323,323,JavaScript
323,323,Ruby
324,324,C
324,324,C#
324,324,Python
324,324,VB
324,324,Objective-C
324,324,PHP
324,324,JavaScript
324,324,Ruby
325,325,C#
325,325,VB
325,325,Objective-C
325,325,JavaScript
325,325,Ruby
326,326,C
326,326,C#
326,326,Python
326,326,VB
326,326,Objective-C
326,326,JavaScript
326,326,Ruby
327,327,C
327,327,C#
327,327,Python
327,327,Objective-C
327,327,PHP
327,327,JavaScript
327,327,Ruby
328,328,C#
328,328,Python
328,328,VB
328,328,Objective-C
328,328,PHP
328,328,JavaScript
328,328,Ruby
329,329,C
329,329,C#
329,329,Python
329,329,PHP
329,329,JavaScript
329,329,Ruby
330,330,C
330,330,Python
330,330,VB
330,330,Objective-C
330,330,JavaScript
331,331,C
331,331,C++
331,331,C#
331,331,Python
331,331,PHP
331,331,JavaScript
331,331,Ruby
332,332,C
332,332,Java
332,332,C#
332,332,Python
332,332,VB
332,332,Objective-C
332,332,PHP
332,332,JavaScript
332,332,Ruby
333,333,C
333,333,C#
333,333,Python
333,333,VB
333,333,JavaScript
333,333,Ruby
334,334,C
334,334,C#
334,334,Python
334,334,VB
334,334,Objective-C
334,334,PHP
334,334,JavaScript
334,334,Ruby
335,335,C#
335,335,Python
335,335,VB
335,335,Objective-C
335,335,PHP
335,335,JavaScript
335,335,Ruby
336,336,C
336,336,C#
336,336,VB
336,336,Objective-C
336,336,JavaScript
336,336,Ruby
337,337,C
337,337,C#
337,337,JavaScript
337,337,Ruby
338,338,C
338,338,C#
338,338,VB
338,338,Objective-C
338,338,PHP
338,338,JavaScript
338,338,Ruby
339,339,C
339,339,C#
339,339,VB
339,339,Objective-C
339,339,PHP
339,339,JavaScript
339,339,Ruby
340,340,C
340,340,C#
340,340,Python
340,340,VB
340,340,Objective-C
340,340,PHP
340,340,JavaScript
340,340,Ruby
341,341,C
341,341,C++
341,341,C#
341,341,Python
341,341,VB
341,341,Objective-C
341,341,JavaScript
341,341,Ruby
342,342,C
342,342,C#
342,342,Objective-C
342,342,PHP
342,342,JavaScript
342,342,Ruby
343,343,C
343,343,C#
343,343,Python
343,343,VB
343,343,Objective-C
343,343,JavaScript
343,343,Ruby
344,344,C++
344,344,VB
344,344,Objective-C
344,344,PHP
344,344,JavaScript
344,344,Ruby
345,345,C#
345,345,Python
345,345,JavaScript
345,345,Ruby
346,346,C
346,346,C#
346,346,VB
346,346,Objective-C
346,346,PHP
346,346,JavaScript
346,346,Ruby
347,347,C
347,347,C#
347,347,Python
347,347,JavaScript
347,347,Ruby
348,348,C
348,348,C#
348,348,VB
348,348,PHP
348,348,JavaScript
348,348,Ruby
349,349,C++
349,349,C#
349,349,Python
349,349,VB
349,349,Objective-C
349,349,PHP
349,349,JavaScript
349,349,Ruby
350,350,C
350,350,C#
350,350,Python
350,350,VB
350,350,Objective-C
350,350,PHP
350,350,Ruby
351,351,C
351,351,C#
351,351,Python
351,351,VB
351,351,Objective-C
351,351,JavaScript
351,351,Ruby
352,352,C
352,352,C++
352,352,Java
352,352,C#
352,352,Python
352,352,VB
352,352,Objective-C
352,352,PHP
352,352,JavaScript
352,352,Ruby
353,353,Python
353,353,VB
353,353,PHP
353,353,JavaScript
353,353,Ruby
354,354,C++
354,354,C#
354,354,Python
354,354,VB
354,354,Objective-C
354,354,PHP
354,354,JavaScript
354,354,Ruby
355,355,C
355,355,C#
355,355,Python
355,355,VB
355,355,Objective-C
355,355,PHP
355,355,JavaScript
355,355,Ruby
356,356,C
356,356,C++
356,356,C#
356,356,Python
356,356,VB
356,356,Objective-C
356,356,PHP
356,356,JavaScript
356,356,Ruby
357,357,C
357,357,C#
357,357,Python
357,357,VB
357,357,Objective-C
357,357,PHP
357,357,JavaScript
357,357,Ruby
358,358,C
358,358,C#
358,358,Python
358,358,VB
358,358,Objective-C
358,358,PHP
358,358,JavaScript
358,358,Ruby
359,359,C
359,359,C#
359,359,Python
359,359,VB
359,359,Objective-C
359,359,PHP
359,359,JavaScript
359,359,Ruby
360,360,C
360,360,C#
360,360,Python
360,360,VB
360,360,Objective-C
360,360,PHP
360,360,JavaScript
360,360,Ruby
361,361,C
361,361,C#
361,361,Python
361,361,VB
361,361,Objective-C
361,361,PHP
361,361,JavaScript
361,361,Ruby
362,362,C
362,362,C#
362,362,Python
362,362,VB
362,362,Objective-C
362,362,PHP
362,362,JavaScript
362,362,Ruby
363,363,C#
363,363,VB
363,363,Objective-C
363,363,PHP
363,363,JavaScript
364,364,C#
364,364,VB
364,364,JavaScript
365,365,C
365,365,C#
365,365,Python
365,365,VB
365,365,Objective-C
365,365,PHP
365,365,JavaScript
365,365,Ruby
366,366,C
366,366,C#
366,366,Python
366,366,VB
366,366,PHP
366,366,JavaScript
367,367,C
367,367,C#
367,367,Python
367,367,VB
367,367,PHP
367,367,JavaScript
367,367,Ruby
368,368,C
368,368,C#
368,368,Python
368,368,PHP
368,368,JavaScript
368,368,Ruby
369,369,C
369,369,C#
369,369,Python
369,369,VB
369,369,Objective-C
369,369,PHP
369,369,JavaScript
369,369,Ruby
370,370,C
370,370,PHP
370,370,JavaScript
370,370,Ruby
371,371,C
371,371,C++
371,371,C#
371,371,Python
371,371,VB
371,371,Objective-C
371,371,PHP
371,371,JavaScript
371,371,Ruby
372,372,C
372,372,C#
372,372,Python
372,372,VB
372,372,Objective-C
372,372,PHP
372,372,JavaScript
372,372,Ruby
373,373,C
373,373,Java
373,373,C#
373,373,Python
373,373,VB
373,373,Objective-C
373,373,PHP
373,373,JavaScript
373,373,Ruby
374,374,C
374,374,C#
374,374,Python
374,374,VB
374,374,Objective-C
374,374,PHP
374,374,JavaScript
374,374,Ruby
375,375,C
375,375,C++
375,375,Java
375,375,C#
375,375,Python
375,375,VB
375,375,Objective-C
375,375,PHP
375,375,JavaScript
375,375,Ruby
376,376,C
376,376,Java
376,376,C#
376,376,Python
376,376,VB
376,376,Objective-C
376,376,PHP
376,376,JavaScript
376,376,Ruby
377,377,C
377,377,C#
377,377,Python
377,377,VB
377,377,Objective-C
377,377,PHP
377,377,JavaScript
377,377,Ruby
378,378,C
378,378,C#
378,378,Python
378,378,VB
378,378,Objective-C
378,378,PHP
378,378,JavaScript
378,378,Ruby
379,379,C
379,379,Java
379,379,Python
379,379,VB
379,379,JavaScript
379,379,Ruby
380,380,C
380,380,C#
380,380,VB
380,380,Objective-C
380,380,PHP
380,380,JavaScript
380,380,Ruby
381,381,C
381,381,C#
381,381,VB
381,381,Objective-C
381,381,JavaScript
381,381,Ruby
382,382,Java
382,382,C#
382,382,VB
382,382,Objective-C
382,382,PHP
382,382,JavaScript
382,382,Ruby
383,383,C
383,383,C#
383,383,Python
383,383,VB
383,383,Objective-C
383,383,JavaScript
383,383,Ruby
384,384,C
384,384,C++
384,384,Java
384,384,C#
384,384,Python
384,384,VB
384,384,Objective-C
384,384,PHP
384,384,JavaScript
384,384,Ruby
385,385,C#
385,385,Python
385,385,VB
385,385,PHP
385,385,JavaScript
386,386,C
386,386,C#
386,386,VB
386,386,PHP
386,386,JavaScript
386,386,Ruby
387,387,C#
387,387,VB
387,387,Objective-C
387,387,JavaScript
387,387,Ruby
388,388,C
388,388,C#
388,388,Python
388,388,VB
388,388,Objective-C
388,388,PHP
388,388,JavaScript
388,388,Ruby
389,389,C#
389,389,Python
389,389,VB
389,389,PHP
389,389,JavaScript
389,389,Ruby
390,390,C
390,390,C#
390,390,Python
390,390,VB
390,390,Objective-C
390,390,PHP
390,390,JavaScript
390,390,Ruby
391,391,C
391,391,C++
391,391,C#
391,391,Python
391,391,VB
391,391,Objective-C
391,391,PHP
391,391,JavaScript
391,391,Ruby
392,392,C
392,392,C#
392,392,Python
392,392,VB
392,392,Objective-C
392,392,PHP
392,392,JavaScript
392,392,Ruby
393,393,C#
393,393,VB
393,393,Objective-C
393,393,JavaScript
393,393,Ruby
394,394,C
394,394,C#
394,394,Python
394,394,VB
394,394,Objective-C
394,394,PHP
394,394,JavaScript
394,394,Ruby
395,395,C
395,395,C#
395,395,PHP
395,395,Ruby
396,396,C
396,396,C#
396,396,Python
396,396,VB
396,396,JavaScript
396,396,Ruby
397,397,C
397,397,C#
397,397,VB
397,397,JavaScript
397,397,Ruby
398,398,Java
398,398,C#
398,398,VB
398,398,Objective-C
398,398,PHP
398,398,JavaScript
398,398,Ruby
399,399,C
399,399,Java
399,399,C#
399,399,Python
399,399,VB
399,399,Objective-C
399,399,PHP
399,399,JavaScript
399,399,Ruby
400,400,C
400,400,C#
400,400,Python
400,400,VB
400,400,Objective-C
400,400,PHP
400,400,JavaScript
400,400,Ruby
401,401,C
401,401,C#
401,401,Python
401,401,VB
401,401,Objective-C
401,401,PHP
401,401,JavaScript
401,401,Ruby
402,402,C
402,402,Java
402,402,C#
402,402,Python
402,402,VB
402,402,Objective-C
402,402,PHP
402,402,JavaScript
402,402,Ruby
403,403,C
403,403,C++
403,403,C#
403,403,Python
403,403,VB
403,403,Objective-C
403,403,PHP
403,403,JavaScript
403,403,Ruby
404,404,C
404,404,C++
404,404,C#
404,404,Python
404,404,VB
404,404,Objective-C
404,404,PHP
404,404,JavaScript
404,404,Ruby
405,405,C
405,405,C++
405,405,C#
405,405,Python
405,405,VB
405,405,PHP
405,405,JavaScript
405,405,Ruby
406,406,C
406,406,C#
406,406,Python
406,406,VB
406,406,JavaScript
407,407,C++
407,407,C#
407,407,Python
407,407,VB
407,407,Objective-C
407,407,PHP
407,407,JavaScript
407,407,Ruby
408,408,C
408,408,C++
408,408,C#
408,408,VB
408,408,Objective-C
408,408,PHP
408,408,JavaScript
408,408,Ruby
409,409,C
409,409,C++
409,409,C#
409,409,Python
409,409,VB
409,409,PHP
409,409,JavaScript
409,409,Ruby
410,410,C
410,410,C#
410,410,Python
410,410,VB
410,410,Objective-C
410,410,JavaScript
410,410,Ruby
411,411,C
411,411,Python
411,411,VB
411,411,PHP
411,411,JavaScript
412,412,C++
412,412,C#
412,412,Python
412,412,VB
412,412,Objective-C
412,412,PHP
412,412,JavaScript
412,412,Ruby
413,413,C#
413,413,VB
413,413,PHP
413,413,JavaScript
413,413,Ruby
414,414,C
414,414,C++
414,414,C#
414,414,VB
414,414,Objective-C
414,414,JavaScript
414,414,Ruby
415,415,C
415,415,Java
415,415,C#
415,415,Python
415,415,VB
415,415,Objective-C
415,415,PHP
415,415,JavaScript
415,415,Ruby
416,416,Java
416,416,C#
416,416,Python
416,416,VB
416,416,PHP
416,416,JavaScript
416,416,Ruby
417,417,C#
417,417,Objective-C
417,417,PHP
417,417,JavaScript
417,417,Ruby
418,418,C
418,418,C++
418,418,C#
418,418,VB
418,418,PHP
418,418,JavaScript
418,418,Ruby
419,419,C
419,419,Java
419,419,C#
419,419,Python
419,419,VB
419,419,Objective-C
419,419,PHP
419,419,JavaScript
419,419,Ruby
420,420,C
420,420,C#
420,420,Python
420,420,VB
420,420,Objective-C
420,420,PHP
420,420,JavaScript
420,420,Ruby
421,421,Python
421,421,VB
421,421,Ruby
422,422,C
422,422,C++
422,422,Java
422,422,C#
422,422,Python
422,422,VB
422,422,Objective-C
422,422,PHP
422,422,JavaScript
422,422,Ruby
423,423,C
423,423,C++
423,423,C#
423,423,Python
423,423,VB
423,423,Objective-C
423,423,PHP
423,423,JavaScript
423,423,Ruby
424,424,C
424,424,C#
424,424,Objective-C
424,424,PHP
424,424,JavaScript
424,424,Ruby
425,425,C
425,425,C#
425,425,VB
425,425,Objective-C
425,425,PHP
425,425,JavaScript
425,425,Ruby
426,426,C
426,426,C#
426,426,Python
426,426,VB
426,426,Objective-C
426,426,PHP
426,426,JavaScript
426,426,Ruby
427,427,C#
427,427,VB
427,427,PHP
427,427,JavaScript
427,427,Ruby
428,428,C
428,428,C++
428,428,Java
428,428,C#
428,428,Python
428,428,VB
428,428,Objective-C
428,428,PHP
428,428,JavaScript
428,428,Ruby
429,429,C
429,429,C#
429,429,VB
429,429,Objective-C
429,429,PHP
429,429,JavaScript
429,429,Ruby
430,430,C
430,430,C++
430,430,C#
430,430,Python
430,430,VB
430,430,JavaScript
430,430,Ruby
431,431,C#
431,431,Python
431,431,VB
431,431,Objective-C
431,431,PHP
431,431,JavaScript
431,431,Ruby
